{"files": [{"filename": "bye.txt", "inode": 13510798882142667, "crc32": 2000130356, "size": 3, "mtime": 1737057077.194672, "ctime": 1737054875.4714499, "state": "active"}, {"filename": "hello.txt", "inode": 39969446693098506, "crc32": 388595853, "size": 14, "mtime": 1737052590.321867, "ctime": 1737052580.8427987, "state": "active"}]}